[
    {
        "product_name": "ELLERY X M'O CAPSULE",
        "price": 52,
        "image": "/img/product_1.png",
        "text": "Known for her sculptural takes on traditional tailoring, Australian arbiter of cool Kym Ellery teams up with Moda Operandi."
    },
    {
        "product_name": "ELLERY X M'O CAPSULE",
        "price": 52,
        "image": "/img/product_2.png",
        "text": "Known for her sculptural takes on traditional tailoring, Australian arbiter of cool Kym Ellery teams up with Moda Operandi."
    },
    {
        "product_name": "ELLERY X M'O CAPSULE",
        "price": 52,
        "image": "/img/product_3.png",
        "text": "Known for her sculptural takes on traditional tailoring, Australian arbiter of cool Kym Ellery teams up with Moda Operandi."
    },
    {
        "product_name": "ELLERY X M'O CAPSULE",
        "price": 52,
        "image": "/img/product_4.png",
        "text": "Known for her sculptural takes on traditional tailoring, Australian arbiter of cool Kym Ellery teams up with Moda Operandi."
    },
    {
        "product_name": "ELLERY X M'O CAPSULE",
        "price": 52,
        "image": "/img/product_5.png",
        "text": "Known for her sculptural takes on traditional tailoring, Australian arbiter of cool Kym Ellery teams up with Moda Operandi."
    },
    {
        "product_name": "ELLERY X M'O CAPSULE",
        "price": 52,
        "image": "/img/product_6.png",
        "text": "Known for her sculptural takes on traditional tailoring, Australian arbiter of cool Kym Ellery teams up with Moda Operandi."
    },
    {
        "product_name": "ELLERY X M'O CAPSULE",
        "price": 52,
        "image": "/img/product_7.png",
        "text": "Known for her sculptural takes on traditional tailoring, Australian arbiter of cool Kym Ellery teams up with Moda Operandi."
    },
    {
        "product_name": "ELLERY X M'O CAPSULE",
        "price": 52,
        "image": "/img/product_8.png",
        "text": "Known for her sculptural takes on traditional tailoring, Australian arbiter of cool Kym Ellery teams up with Moda Operandi."
    },
    {
        "product_name": "ELLERY X M'O CAPSULE",
        "price": 52,
        "image": "/img/product_9.png",
        "text": "Known for her sculptural takes on traditional tailoring, Australian arbiter of cool Kym Ellery teams up with Moda Operandi."
    }
]